"Primary.gear.Type..code.","N","mean_cpue","sd","se"
"",1,5,NA,NA
"Gillnet",50,238.963650793,4.22644887170454,0.597710131504102
"Handline",6,95.80738095,17.1143843563353,6.98691815581539
"Monofilament",41,195.992857138,4.61705756129748,0.721063248204061
"Speargun",23,104.869757576,5.44998842329094,1.13640114270035
"Trawler",1,1.5625,NA,NA
